Binary,Functions Breaking ESROS2 Invariant
/opt/ros/humble/lib/image_view/stereo_view,336
/opt/ros/humble/lib/image_view/extract_images,336
/opt/ros/humble/lib/image_view/disparity_view,336
/opt/ros/humble/lib/image_view/image_view,336
/opt/ros/humble/lib/image_view/image_saver,336
/opt/ros/humble/lib/image_view/video_recorder,336
/opt/ros/humble/lib/tuw_geometry/example_figure,336
/opt/ros/humble/lib/rtabmap_util/obstacles_detection,276
/opt/ros/humble/lib/rtabmap_util/map_assembler,276
/opt/ros/humble/lib/rtabmap_util/lidar_deskewing,276
/opt/ros/humble/lib/rtabmap_util/rgbd_split,276
/opt/ros/humble/lib/rtabmap_odom/rgbd_odometry,276
/opt/ros/humble/lib/rtabmap_util/point_cloud_xyz,276
/opt/ros/humble/lib/rtabmap_util/point_cloud_aggregator,276
/opt/ros/humble/lib/rtabmap_util/point_cloud_assembler,276
/opt/ros/humble/lib/rtabmap_util/pointcloud_to_depthimage,276
/opt/ros/humble/lib/rtabmap_util/rgbd_relay,276
/opt/ros/humble/lib/rtabmap_util/point_cloud_xyzrgb,276
/opt/ros/humble/lib/rtabmap_odom/icp_odometry,276
/opt/ros/humble/lib/rtabmap_util/disparity_to_depth,276
/opt/ros/humble/lib/rtabmap_slam/rtabmap,276
/opt/ros/humble/lib/rtabmap_odom/stereo_odometry,276
/opt/ros/humble/lib/rtabmap_util/imu_to_tf,276
/opt/ros/humble/lib/depthai_ros_driver/camera_node,242
/opt/ros/humble/lib/ros2_ouster/ouster_driver,242
/opt/ros/humble/lib/rtabmap_sync/rgbd_sync,242
/opt/ros/humble/lib/find_object_2d/find_object_2d,242
/opt/ros/humble/lib/ros2_ouster/ouster_tins_driver,242
/opt/ros/humble/lib/rtabmap_sync/stereo_sync,242
/opt/ros/humble/lib/rtabmap_sync/rgb_sync,242
/opt/ros/humble/lib/rtabmap_sync/rgbdx_sync,242
/opt/ros/humble/lib/web_video_server/web_video_server,241
/opt/ros/humble/lib/ffmpeg_image_transport_tools/bag_to_frames,230
/opt/ros/humble/lib/v4l2_camera/v4l2_camera_node,225
/opt/ros/humble/lib/image_rotate/image_rotate,225
/opt/ros/humble/lib/apriltag_tools/detect_from_bag,225
/opt/ros/humble/lib/apriltag_detector/apriltag_detector_node,225
/opt/ros/humble/lib/camera_aravis2/camera_xml_exporter,218
/opt/ros/humble/lib/rmf_traffic_ros2/rmf_traffic_schedule,214
/opt/ros/humble/lib/rmf_visualization_schedule/test_submit_trajectory,214
/opt/ros/humble/lib/rmf_traffic_ros2/missing_query_schedule_node,214
/opt/ros/humble/lib/rmf_traffic_ros2/rmf_traffic_blockade,214
/opt/ros/humble/lib/rmf_traffic_ros2/mock_repetitive_delay_participant,214
/opt/ros/humble/lib/rmf_traffic_ros2/changed_participant_schedule_node,214
/opt/ros/humble/lib/rmf_traffic_ros2/missing_participant_schedule_node,214
/opt/ros/humble/lib/moveit_ros_benchmarks/moveit_combine_predefined_poses_benchmark,213
/opt/ros/humble/lib/rviz2/rviz2,213
/opt/ros/humble/lib/moveit_ros_benchmarks/moveit_run_benchmark,213
/opt/ros/humble/lib/reach_ros/reach_ros_node,212
/opt/ros/humble/lib/moveit_kinematics/benchmark_ik,210
/opt/ros/humble/lib/pilz_industrial_motion_planner/unittest_trajectory_generator_circ,208
/opt/ros/humble/lib/pilz_industrial_motion_planner/unittest_trajectory_generator_ptp,208
/opt/ros/humble/lib/pilz_industrial_motion_planner/unittest_trajectory_generator_common,208
/opt/ros/humble/lib/pilz_industrial_motion_planner/unittest_trajectory_functions,208
/opt/ros/humble/lib/pilz_industrial_motion_planner/unittest_planning_context,208
/opt/ros/humble/lib/pilz_industrial_motion_planner/unittest_trajectory_generator_lin,208
/opt/ros/humble/lib/pilz_industrial_motion_planner/unittest_joint_limits_aggregator,207
/opt/ros/humble/lib/moveit_ros_warehouse/moveit_init_demo_warehouse,207
/opt/ros/humble/lib/moveit_ros_warehouse/moveit_warehouse_save_as_text,207
/opt/ros/humble/lib/moveit_ros_warehouse/moveit_warehouse_import_from_text,207
/opt/ros/humble/lib/velodyne_driver/velodyne_driver_node,207
/opt/ros/humble/lib/moveit_servo/servo_node_main,206
/opt/ros/humble/lib/crane_plus_examples/pose_groupstate,206
/opt/ros/humble/lib/open_manipulator_x_playground/hello_moveit,206
/opt/ros/humble/lib/crane_plus_examples/gripper_control,206
/opt/ros/humble/lib/crane_plus_examples/joint_values,206
/opt/ros/humble/lib/crane_plus_examples/pick_and_place,206
/opt/ros/humble/lib/crane_plus_examples/pick_and_place_tf,206
/opt/ros/humble/lib/moveit_ros_planning/moveit_evaluate_collision_checking_speed,205
/opt/ros/humble/lib/moveit_visual_tools/moveit_visual_tools_demo,204
/opt/ros/humble/lib/moveit_ros_planning/moveit_print_planning_scene_info,204
/opt/ros/humble/lib/robot_calibration/base_calibration_node,203
/opt/ros/humble/lib/moveit_ros_planning/moveit_print_planning_model_info,203
/opt/ros/humble/lib/plansys2_bt_actions/bt_action_node,198
/opt/ros/humble/lib/swri_transform_util/georeference_test,194
/opt/ros/humble/lib/multires_image/multires_view_node,188
/opt/ros/humble/lib/swri_transform_util/local_xy_util_test,187
/opt/ros/humble/lib/swri_transform_util/transform_util_test,187
/opt/ros/humble/lib/swri_transform_util/utm_util_test,187
/opt/ros/humble/lib/nav2_bt_navigator/bt_navigator,183
/opt/ros/humble/lib/ros_gz_bridge/bridge_types,180
/opt/ros/humble/lib/canopen_fake_slaves/basic_slave_node,125
/opt/ros/humble/lib/canopen_fake_slaves/cia402_slave_node,125
/opt/ros/humble/lib/libcamera/ipu3_ipa_proxy,123
/opt/ros/humble/lib/libcaer_driver/driver_node,83
/opt/ros/humble/lib/openni2_camera/list_devices,81
/opt/ros/humble/lib/robot_localization/filter_base-test,74
/opt/ros/humble/lib/robot_localization/test_ros_robot_localization_listener,73
/opt/ros/humble/lib/robot_localization/test_ekf,73
/opt/ros/humble/lib/robot_localization/test_robot_localization_estimator,73
/opt/ros/humble/lib/robot_localization/test_ukf,73
/opt/ros/humble/lib/fadecandy_driver/fadecandy_node,72
/opt/ros/humble/lib/ublox_gps/ublox_gps_node,72
/opt/ros/humble/lib/rmf_task_ros2/rmf_bidder_node,70
/opt/ros/humble/lib/rmf_task_ros2/rmf_task_dispatcher,70
/opt/ros/humble/lib/tuw_geometry/test_geometry,69
/opt/ros/humble/lib/joint_limits/joint_limits_rosparam_test,68
/opt/ros/humble/lib/pilz_industrial_motion_planner/unittest_joint_limit,67
/opt/ros/humble/lib/pilz_industrial_motion_planner/unittest_joint_limits_container,67
/opt/ros/humble/lib/pilz_industrial_motion_planner/unittest_velocity_profile_atrap,67
/opt/ros/humble/lib/pilz_industrial_motion_planner/unittest_cartesian_limits_aggregator,67
/opt/ros/humble/lib/robot_localization/test_navsat_conversions,67
/opt/ros/humble/lib/pilz_industrial_motion_planner/unittest_get_solver_tip_frame,67
/opt/ros/humble/lib/pilz_industrial_motion_planner/unittest_trajectory_generator,67
/opt/ros/humble/lib/pilz_industrial_motion_planner/unittest_joint_limits_validator,67
/opt/ros/humble/lib/udp_driver/udp_bridge_node_exe,56
/opt/ros/humble/lib/cartographer_ros/cartographer_rosbag_validate,54
/opt/ros/humble/lib/image_publisher/image_publisher_node,53
/opt/ros/humble/lib/fmi_adapter/fmi_adapter_node,51
/opt/ros/humble/lib/foros_examples/cluster_log_replication_without_commit,49
/opt/ros/humble/lib/foros_examples/cluster_log_replication_with_commit,49
/opt/ros/humble/lib/foros_examples/cluster_election,49
/opt/ros/humble/lib/foros_examples/cluster_service,49
/opt/ros/humble/lib/controller_manager/ros2_control_node,47
/opt/ros/humble/lib/metavision_driver/driver_node,47
/opt/ros/humble/lib/plansys2_terminal/plansys2_terminal,45
/opt/ros/humble/lib/domain_bridge/domain_bridge_rti_qos,44
/opt/ros/humble/lib/domain_bridge/domain_bridge,44
/opt/ros/humble/lib/plansys2_executor/executor_node,43
/opt/ros/humble/lib/rc_genicam_driver/rc_genicam_driver,42
/opt/ros/humble/lib/ecl_core_apps/ecl_serial,41
/opt/ros/humble/lib/kobuki_core/demo_simple_loop,41
/opt/ros/humble/lib/kobuki_core/demo_buttons,41
/opt/ros/humble/lib/ecl_core_apps/ecl_hex,41
/opt/ros/humble/lib/ur_robot_driver/ur_ros2_control_node,40
/opt/ros/humble/lib/urg_node/getID,40
/opt/ros/humble/lib/kobuki_core/demo_custom_logging,40
/opt/ros/humble/lib/kobuki_core/demo_log_levels,40
/opt/ros/humble/lib/kobuki_core/demo_raw_data_stream,40
/opt/ros/humble/lib/kobuki_core/demo_chirp,40
/opt/ros/humble/lib/kobuki_core/demo_data_stream,40
/opt/ros/humble/lib/ecl_core_apps/ecl_socket_server,39
/opt/ros/humble/lib/opennav_docking/opennav_docking,39
/opt/ros/humble/lib/nav2_controller/controller_server,39
/opt/ros/humble/lib/nav2_smoother/smoother_server,38
/opt/ros/humble/lib/adi_tmcl/tmcl_ros2_node,38
/opt/ros/humble/lib/ecl_core_apps/ecl_socket_client,38
/opt/ros/humble/lib/nav2_behaviors/behavior_server,38
/opt/ros/humble/lib/nav2_costmap_2d/nav2_costmap_2d,38
/opt/ros/humble/lib/nav2_planner/planner_server,38
/opt/ros/humble/lib/nav2_amcl/amcl,38
/opt/ros/humble/lib/spinnaker_synchronized_camera_driver/synchronized_camera_driver_node,37
/opt/ros/humble/lib/spinnaker_camera_driver/camera_driver_node,37
/opt/ros/humble/lib/x86_64-linux-gnu/lanelet2_examples/04_reading_and_writing,36
/opt/ros/humble/lib/x86_64-linux-gnu/lanelet2_validation/lanelet2_validate,36
/opt/ros/humble/lib/nav2_waypoint_follower/waypoint_follower,36
/opt/ros/humble/lib/as2_state_estimator/as2_state_estimator_node,36
/opt/ros/humble/lib/autoware_lanelet2_extension/autoware_lanelet2_validation,36
/opt/ros/humble/lib/autoware_lanelet2_extension/autoware_lanelet2_extension_sample,35
/opt/ros/humble/lib/velodyne_pointcloud/velodyne_transform_node,35
/opt/ros/humble/lib/dataspeed_can_tools/dbc_bag,35
/opt/ros/humble/lib/x86_64-linux-gnu/lanelet2_examples/06_routing,35
/opt/ros/humble/lib/rt_usb_9axisimu_driver/rt_usb_9axisimu_driver,35
/opt/ros/humble/lib/nav2_map_server/map_saver_cli,35
/opt/ros/humble/lib/diagnostic_aggregator/aggregator_node,35
/opt/ros/humble/lib/x86_64-linux-gnu/lanelet2_examples/07_matching,35
/opt/ros/humble/lib/autoware_lanelet2_extension/check_right_of_way,35
/opt/ros/humble/lib/avt_vimba_camera/mono_camera_exec,35
/opt/ros/humble/lib/data_tamer_cpp/ros2_publisher,35
/opt/ros/humble/lib/robot_localization/ekf_node,34
/opt/ros/humble/lib/boost_plugin_loader/boost_plugin_loader_example,34
/opt/ros/humble/lib/ecl_devices/demo_serial_timeouts,34
/opt/ros/humble/lib/plansys2_planner/planner_node,34
/opt/ros/humble/lib/feetech_ros2_driver/demo,34
/opt/ros/humble/lib/robot_localization/ukf_node,34
/opt/ros/humble/lib/moveit_ros_warehouse/moveit_warehouse_services,33
/opt/ros/humble/lib/robot_localization/navsat_transform_node,33
/opt/ros/humble/lib/ffmpeg_image_transport_tools/bag_to_file,33
/opt/ros/humble/lib/rt_manipulators_examples/x7_forward_kinematics,33
/opt/ros/humble/lib/ecl_streams/demo_log_streams,33
/opt/ros/humble/lib/warehouse_ros/warehouse_test_dbloader,33
/opt/ros/humble/lib/ecl_exceptions/demo_exception_tracer,33
/opt/ros/humble/lib/robot_localization/robot_localization_listener_node,33
/opt/ros/humble/lib/tf2_ros/tf2_echo,31
/opt/ros/humble/lib/plansys2_problem_expert/problem_expert_node,31
/opt/ros/humble/lib/ecl_io/demo_poll,31
/opt/ros/humble/lib/vimbax_camera_examples/asynchronous_grab_cpp,31
/opt/ros/humble/lib/ecl_io/demo_socketpair,31
/opt/ros/humble/lib/apriltag_draw/apriltag_draw_node,31
/opt/ros/humble/lib/event_camera_renderer/renderer_node,31
/opt/ros/humble/lib/image_proc/image_proc,31
/opt/ros/humble/lib/tf2_ros/static_transform_publisher,31
/opt/ros/humble/lib/camera_calibration_parsers/convert,30
/opt/ros/humble/lib/canopen_core/device_container_node,30
/opt/ros/humble/lib/popf/validate,30
/opt/ros/humble/lib/plansys2_pddl_parser/parser,30
/opt/ros/humble/lib/raspimouse/raspimouse,30
/opt/ros/humble/lib/raspimouse_ros2_examples/line_follower,30
/opt/ros/humble/lib/ntpd_driver/shm_driver,30
/opt/ros/humble/lib/ecl_threads/demo_mutex,29
/opt/ros/humble/lib/ros_babel_fish/action_client,29
/opt/ros/humble/lib/nav2_util/lifecycle_bringup,29
/opt/ros/humble/lib/nav2_system_tests/test_updown,29
/opt/ros/humble/lib/examples_rclcpp_wait_set/wait_set_composed,29
/opt/ros/humble/lib/bosch_locator_bridge/server_node,29
/opt/ros/humble/lib/ecl_sigslots/demo_sigslots,29
/opt/ros/humble/lib/ecl_sigslots/demo_sigslots_manager,29
/opt/ros/humble/lib/mocap4r2_robot_gt/gt_program,29
/opt/ros/humble/lib/imu_filter_madgwick/imu_filter_madgwick_node,29
/opt/ros/humble/lib/popf/parser,29
/opt/ros/humble/lib/plansys2_domain_expert/domain_expert_node,29
/opt/ros/humble/lib/tf2_ros/buffer_server,29
/opt/ros/humble/lib/nav2_velocity_smoother/velocity_smoother,28
/opt/ros/humble/lib/nav2_lifecycle_manager/lifecycle_manager,28
/opt/ros/humble/lib/imu_complementary_filter/complementary_filter_node,28
/opt/ros/humble/lib/event_camera_codecs/codec_perf,28
/opt/ros/humble/lib/system_modes/modes_observer_test_node,28
/opt/ros/humble/lib/velodyne_laserscan/velodyne_laserscan_node,28
/opt/ros/humble/lib/rmf_traffic_examples/three_robots,28
/opt/ros/humble/lib/rviz_visual_tools/rviz_visual_tools_demo,28
/opt/ros/humble/lib/examples_rclcpp_minimal_composition/composition_composed,28
/opt/ros/humble/lib/examples_rclcpp_minimal_composition/composition_publisher,28
/opt/ros/humble/lib/examples_rclcpp_minimal_composition/composition_subscriber,28
/opt/ros/humble/lib/laser_segmentation/laser_segmentation,28
/opt/ros/humble/lib/grid_map_visualization/grid_map_visualization,27
/opt/ros/humble/lib/create3_coverage/create3_coverage,27
/opt/ros/humble/lib/composition/manual_composition,27
/opt/ros/humble/lib/depthimage_to_laserscan/depthimage_to_laserscan_node,27
/opt/ros/humble/lib/irobot_create_ignition_toolbox/pose_republisher_node,27
/opt/ros/humble/lib/kobuki_velocity_smoother/velocity_smoother,27
/opt/ros/humble/lib/irobot_create_ignition_toolbox/interface_buttons_node,27
/opt/ros/humble/lib/nav2_map_server/map_server,27
/opt/ros/humble/lib/play_motion2/play_motion2_node,27
/opt/ros/humble/lib/raspimouse_ros2_examples/direction_controller,27
/opt/ros/humble/lib/nav2_collision_monitor/collision_monitor,27
/opt/ros/humble/lib/mocap4r2_control/auxiliar_main,27
/opt/ros/humble/lib/nav2_map_server/costmap_filter_info_server,27
/opt/ros/humble/lib/plansys2_tools/logger,27
/opt/ros/humble/lib/nav2_map_server/map_saver_server,27
/opt/ros/humble/lib/rviz_visual_tools/rviz_visual_tools_imarker_simple_demo,27
/opt/ros/humble/lib/teleop_twist_joy/teleop_node,27
/opt/ros/humble/lib/ecl_time_lite/demo_time_functions,26
/opt/ros/humble/lib/demo_nodes_cpp_native/talker,26
/opt/ros/humble/lib/demo_nodes_cpp/list_parameters,26
/opt/ros/humble/lib/demo_nodes_cpp/listener_best_effort,26
/opt/ros/humble/lib/demo_nodes_cpp/listener_serialized_message,26
/opt/ros/humble/lib/demo_nodes_cpp/even_parameters_node,26
/opt/ros/humble/lib/demo_nodes_cpp/content_filtering_subscriber,26
/opt/ros/humble/lib/demo_nodes_cpp/content_filtering_publisher,26
/opt/ros/humble/lib/demo_nodes_cpp/listener,26
/opt/ros/humble/lib/demo_nodes_cpp/add_two_ints_client_async,26
/opt/ros/humble/lib/dbw_polaris_joystick_demo/joy_demo,26
/opt/ros/humble/lib/dbw_polaris_can/dbw_node,26
/opt/ros/humble/lib/dbw_ford_joystick_demo/joy_demo,26
/opt/ros/humble/lib/dbw_ford_can/dbw_node,26
/opt/ros/humble/lib/dbw_fca_joystick_demo/joy_demo,26
/opt/ros/humble/lib/dbw_fca_can/dbw_node,26
/opt/ros/humble/lib/demo_nodes_cpp/add_two_ints_server,26
/opt/ros/humble/lib/dataspeed_ulc_can/ulc_node,26
/opt/ros/humble/lib/dataspeed_can_usb/can_node,26
/opt/ros/humble/lib/composition/dlopen_composition,26
/opt/ros/humble/lib/composition/linktime_composition,26
/opt/ros/humble/lib/broll/decode_node,26
/opt/ros/humble/lib/beluga_amcl/ndt_amcl_node,26
/opt/ros/humble/lib/beluga_amcl/amcl_node,26
/opt/ros/humble/lib/camera_ros/camera_node,26
/opt/ros/humble/lib/bag2_to_image/bag2_to_image_exe,26
/opt/ros/humble/lib/aruco_opencv/aruco_tracker_autostart,26
/opt/ros/humble/lib/aruco_opencv/aruco_tracker,26
/opt/ros/humble/lib/apriltag_ros/apriltag_node,26
/opt/ros/humble/lib/action_tutorials_cpp/fibonacci_action_server,26
/opt/ros/humble/lib/action_tutorials_cpp/fibonacci_action_client,26
/opt/ros/humble/lib/rclc_examples/example_pingpong,26
/opt/ros/humble/lib/rmw_zenoh_cpp/rmw_zenohd,26
/opt/ros/humble/lib/depth_image_proc/point_cloud_xyzrgb_node,26
/opt/ros/humble/lib/demo_nodes_cpp/one_off_timer,26
/opt/ros/humble/lib/demo_nodes_cpp/parameter_blackboard,26
/opt/ros/humble/lib/demo_nodes_cpp/parameter_events_async,26
/opt/ros/humble/lib/demo_nodes_cpp/reuse_timer,26
/opt/ros/humble/lib/demo_nodes_cpp/set_and_get_parameters,26
/opt/ros/humble/lib/demo_nodes_cpp/talker,26
/opt/ros/humble/lib/demo_nodes_cpp/talker_loaned_message,26
/opt/ros/humble/lib/demo_nodes_cpp/talker_serialized_message,26
/opt/ros/humble/lib/depth_image_proc/convert_metric_node,26
/opt/ros/humble/lib/depth_image_proc/crop_foremost_node,26
/opt/ros/humble/lib/depth_image_proc/disparity_node,26
/opt/ros/humble/lib/depth_image_proc/point_cloud_xyzi_node,26
/opt/ros/humble/lib/depth_image_proc/point_cloud_xyzi_radial_node,26
/opt/ros/humble/lib/depth_image_proc/point_cloud_xyz_node,26
/opt/ros/humble/lib/depth_image_proc/point_cloud_xyz_radial_node,26
/opt/ros/humble/lib/examples_rclcpp_minimal_action_server/action_server_member_functions,26
/opt/ros/humble/lib/depth_image_proc/point_cloud_xyzrgb_radial_node,26
/opt/ros/humble/lib/depth_image_proc/register_node,26
/opt/ros/humble/lib/diagnostic_remote_logging/influx,26
/opt/ros/humble/lib/domain_bridge/test_component,26
/opt/ros/humble/lib/ds_dbw_can/dbw_node,26
/opt/ros/humble/lib/ds_dbw_joystick_demo/joy_demo,26
/opt/ros/humble/lib/dual_laser_merger/dual_laser_merger_node,26
/opt/ros/humble/lib/etsi_its_conversion/etsi_its_conversion_node,26
/opt/ros/humble/lib/examples_rclcpp_minimal_action_server/action_server_not_composable,26
/opt/ros/humble/lib/off_highway_radar/sender,26
/opt/ros/humble/lib/off_highway_radar/receiver,26
/opt/ros/humble/lib/off_highway_premium_radar_sample/driver,26
/opt/ros/humble/lib/off_highway_general_purpose_radar/receiver,26
/opt/ros/humble/lib/octomap_server/tracking_octomap_server_node,26
/opt/ros/humble/lib/off_highway_uss/sender,26
/opt/ros/humble/lib/irobot_create_nodes/robot_state,26
/opt/ros/humble/lib/irobot_create_nodes/ui_mgr,26
/opt/ros/humble/lib/irobot_create_nodes/wheel_status_publisher,26
/opt/ros/humble/lib/joy/game_controller_node,26
/opt/ros/humble/lib/joy/joy_node,26
/opt/ros/humble/lib/laser_proc/laser_proc_node,26
/opt/ros/humble/lib/leo_fw/firmware_message_converter,26
/opt/ros/humble/lib/irobot_create_nodes/motion_control,26
/opt/ros/humble/lib/imu_processors/imu_bias_remover_node,26
/opt/ros/humble/lib/image_tools/showimage,26
/opt/ros/humble/lib/irobot_create_nodes/kidnap_estimator_publisher,26
/opt/ros/humble/lib/irobot_create_nodes/mock_publisher,26
/opt/ros/humble/lib/irobot_create_nodes/hazards_vector_publisher,26
/opt/ros/humble/lib/imu_transformer/imu_transformer_node,26
/opt/ros/humble/lib/imu_processors/imu_integrator_node,26
/opt/ros/humble/lib/irobot_create_nodes/ir_intensity_vector_publisher,26
/opt/ros/humble/lib/image_proc/crop_decimate_node,26
/opt/ros/humble/lib/image_proc/crop_non_zero_node,26
/opt/ros/humble/lib/image_proc/debayer_node,26
/opt/ros/humble/lib/image_proc/rectify_node,26
/opt/ros/humble/lib/image_tools/cam2image,26
/opt/ros/humble/lib/image_proc/resize_node,26
/opt/ros/humble/lib/gscam/gscam_node,26
/opt/ros/humble/lib/generate_parameter_library_example/test_node,26
/opt/ros/humble/lib/generate_parameter_library_example_external/test_node,26
/opt/ros/humble/lib/franka_gripper/franka_gripper_node,26
/opt/ros/humble/lib/foxglove_bridge/foxglove_bridge,26
/opt/ros/humble/lib/examples_rclcpp_wait_set/wait_set_talker,26
/opt/ros/humble/lib/examples_rclcpp_wait_set/wait_set_listener,26
/opt/ros/humble/lib/examples_rclcpp_minimal_subscriber/wait_set_subscriber,26
/opt/ros/humble/lib/examples_rclcpp_minimal_subscriber/time_triggered_wait_set_subscriber,26
/opt/ros/humble/lib/examples_rclcpp_minimal_subscriber/static_wait_set_subscriber,26
/opt/ros/humble/lib/x86_64-linux-gnu/lanelet2_examples/05_traffic_rules,26
/opt/ros/humble/lib/yasmin_demos/fibonacci_action_server,26
/opt/ros/humble/lib/vimbax_camera/vimbax_camera_node,26
/opt/ros/humble/lib/wiimote/teleop_wiimote_node,26
/opt/ros/humble/lib/wiimote/wiimote_node,26
/opt/ros/humble/lib/x86_64-linux-gnu/lanelet2_examples/01_dealing_with_lanelet_primitives,26
/opt/ros/humble/lib/udp_driver/udp_receiver_node_exe,26
/opt/ros/humble/lib/udp_driver/udp_sender_node_exe,26
/opt/ros/humble/lib/rmf_visualization_floorplans/floorplan_visualizer_node,26
/opt/ros/humble/lib/rmf_visualization_navgraphs/navgraph_visualizer_node,26
/opt/ros/humble/lib/rmf_visualization_obstacles/obstacle_visualizer_node,26
/opt/ros/humble/lib/rmf_visualization_schedule/schedule_visualizer_node,26
/opt/ros/humble/lib/robot_state_publisher/robot_state_publisher,26
/opt/ros/humble/lib/ros2launch_security_examples/fake_imu,26
/opt/ros/humble/lib/ros2launch_security_examples/imu_sink,26
/opt/ros/humble/lib/ros2_socketcan/socket_can_receiver_node_exe,26
/opt/ros/humble/lib/ros2_socketcan/socket_can_sender_node_exe,26
/opt/ros/humble/lib/ros_gz_bridge/bridge_node,26
/opt/ros/humble/lib/stereo_image_proc/disparity_node,26
/opt/ros/humble/lib/spacenav/spacenav_node,26
/opt/ros/humble/lib/simple_grasping/grasp_planner_node,26
/opt/ros/humble/lib/simple_grasping/basic_grasping_perception_node,26
/opt/ros/humble/lib/serial_driver/serial_bridge,26
/opt/ros/humble/lib/self_test/selftest_example,26
/opt/ros/humble/lib/stereo_image_proc/point_cloud_node,26
/opt/ros/humble/lib/stubborn_buddies/linktime_composition,26
/opt/ros/humble/lib/ublox_nav_sat_fix_hp_node/ublox_nav_sat_fix_hp,26
/opt/ros/humble/lib/ublox_dgnss_node/ublox_dgnss_node,26
/opt/ros/humble/lib/topic_tools/throttle,26
/opt/ros/humble/lib/topic_tools/relay,26
/opt/ros/humble/lib/topic_tools/drop,26
/opt/ros/humble/lib/topic_tools/delay,26
/opt/ros/humble/lib/urg_node/urg_node_driver,26
/opt/ros/humble/lib/usb_cam/usb_cam_node_exe,26
/opt/ros/humble/lib/x86_64-linux-gnu/lanelet2_examples/02_regulatory_elements,26
/opt/ros/humble/lib/x86_64-linux-gnu/lanelet2_examples/03_lanelet_map,26
/opt/ros/humble/lib/point_cloud_transport/republish,26
/opt/ros/humble/lib/pointcloud_to_laserscan/pointcloud_to_laserscan_node,26
/opt/ros/humble/lib/off_highway_sensor_drivers_examples/extract_velocity,26
/opt/ros/humble/lib/mavros_extras/servo_state_publisher,26
/opt/ros/humble/lib/octomap_server/color_octomap_server_node,26
/opt/ros/humble/lib/mqtt_client/mqtt_client,26
/opt/ros/humble/lib/novatel_gps_driver/novatel_gps_node,26
/opt/ros/humble/lib/ntrip_client_node/ntrip_client_node,26
/opt/ros/humble/lib/octomap_server/octomap_server_multilayer_node,26
/opt/ros/humble/lib/octomap_server/octomap_saver_node,26
/opt/ros/humble/lib/octomap_server/octomap_server_node,26
/opt/ros/humble/lib/octomap_server/octomap_server_static_node,26
/opt/ros/humble/lib/pointcloud_to_laserscan/laserscan_to_pointcloud_node,26
/opt/ros/humble/lib/openni2_camera/openni2_camera_driver,26
/opt/ros/humble/lib/pcl_ros/pcd_to_pointcloud,26
/opt/ros/humble/lib/play_motion2/run_motion,26
/opt/ros/humble/lib/rclcpp_components/component_container_isolated,26
/opt/ros/humble/lib/quality_of_service_demo_cpp/qos_overrides_talker,26
/opt/ros/humble/lib/quality_of_service_demo_cpp/message_lost_listener,26
/opt/ros/humble/lib/off_highway_uss/receiver,26
/opt/ros/humble/lib/rmf_visualization_fleet_states/fleetstates_visualizer_node,26
/opt/ros/humble/lib/rmf_fleet_adapter/robot_state_aggregator,26
/opt/ros/humble/lib/realsense2_camera/realsense2_camera_node,26
/opt/ros/humble/lib/rcss3d_agent_basic/rcss3d_agent_basic,26
/opt/ros/humble/lib/quality_of_service_demo_cpp/qos_overrides_listener,26
/opt/ros/humble/lib/quality_of_service_demo_cpp/message_lost_talker,26
/opt/ros/humble/lib/yasmin_demos/add_two_ints_server,25
/opt/ros/humble/lib/topic_tools/mux,25
/opt/ros/humble/lib/examples_rclcpp_minimal_service/service_main,25
/opt/ros/humble/lib/logging_demo/logging_demo_main,25
/opt/ros/humble/lib/mocap4r2_robot_gt/set_gt_cli,25
/opt/ros/humble/lib/system_modes_examples/manipulator,25
/opt/ros/humble/lib/ign_ros2_control_demos/example_diff_drive,25
/opt/ros/humble/lib/ign_ros2_control_demos/example_ackermann_drive,25
/opt/ros/humble/lib/ign_ros2_control_demos/example_gripper,25
/opt/ros/humble/lib/ign_ros2_control_demos/example_velocity,25
/opt/ros/humble/lib/kobuki_core/demo_velocity_commands,25
/opt/ros/humble/lib/ign_ros2_control_demos/example_position,25
/opt/ros/humble/lib/ign_ros2_control_demos/example_tricycle_drive,25
/opt/ros/humble/lib/ign_ros2_control_demos/example_effort,25
/opt/ros/humble/lib/ros_ign_gazebo/create,25
/opt/ros/humble/lib/ros_ign_image/image_bridge,25
/opt/ros/humble/lib/ros_babel_fish/any_publisher,25
/opt/ros/humble/lib/ros_babel_fish/service_client,25
/opt/ros/humble/lib/ros_ign_bridge/parameter_bridge,25
/opt/ros/humble/lib/ros_ign_bridge/static_bridge,25
/opt/ros/humble/lib/catch_ros2/integration_aux_node,25
/opt/ros/humble/lib/demo_nodes_cpp/list_parameters_async,25
/opt/ros/humble/lib/demo_nodes_cpp/set_and_get_parameters_async,25
/opt/ros/humble/lib/avt_vimba_camera/trigger_exec,25
/opt/ros/humble/lib/system_modes_examples/drive_base,25
/opt/ros/humble/lib/ecl_formatters/demo_formatters,25
/opt/ros/humble/lib/ecl_command_line/demo_command_line,25
/opt/ros/humble/lib/ecl_streams/demo_console_streams,25
/opt/ros/humble/lib/ecl_converters/demo_float_converters,25
/opt/ros/humble/lib/ecl_containers/demo_formatters,25
/opt/ros/humble/lib/ros2lifecycle_test_fixtures/simple_lifecycle_node,24
/opt/ros/humble/lib/examples_rclcpp_minimal_timer/timer_member_function,24
/opt/ros/humble/lib/ecl_time/demo_random_number_generator,24
/opt/ros/humble/lib/examples_rclcpp_minimal_timer/timer_lambda,24
/opt/ros/humble/lib/sicks300_2/sicks300_2,24
/opt/ros/humble/lib/rclcpp_components/component_container,24
/opt/ros/humble/lib/rclcpp_components/component_container_mt,24
/opt/ros/humble/lib/robot_calibration/to_rpy,24
/opt/ros/humble/lib/psdk_wrapper/psdk_wrapper_node,24
/opt/ros/humble/lib/ecl_errors/demo_errors,24
/opt/ros/humble/lib/ecl_exceptions/demo_exceptions,24
/opt/ros/humble/lib/ecl_io/demo_sockets,24
/opt/ros/humble/lib/ecl_sigslots_lite/demo_sigslots_lite,24
/opt/ros/humble/lib/ecl_time/demo_sleep,24
/opt/ros/humble/lib/ecl_utilities/demo_constructors,24
/opt/ros/humble/lib/turtle_nest/turtle_nest,23
/opt/ros/humble/lib/osrf_testing_tools_cpp/test_runner,14
/opt/ros/humble/lib/x86_64-linux-gnu/cmake/depthai/dependencies/bin/bzip2recover,12
/opt/ros/humble/lib/rclc_examples/example_action_server,8
/opt/ros/humble/lib/rclc_examples/example_action_client,7
/opt/ros/humble/lib/rclc_examples/example_parameter_server,7
/opt/ros/humble/lib/openni2_camera/usb_reset,7
/opt/ros/humble/lib/rclc_examples/example_executor_trigger,6
/opt/ros/humble/lib/x86_64-linux-gnu/cmake/depthai/dependencies/bin/bzip2,6
/opt/ros/humble/lib/rclc_examples/example_sub_context,6
/opt/ros/humble/lib/rclc_examples/example_executor_only_rcl,5
/opt/ros/humble/lib/rclc_examples/example_executor,5
/opt/ros/humble/lib/rclc_examples/example_short_timer_long_subscription,4
/opt/ros/humble/lib/x86_64-linux-gnu/cmake/depthai/dependencies/bin/openssl,4
/opt/ros/humble/lib/rclc_examples/example_lifecycle_node,4
/opt/ros/humble/lib/rclc_examples/example_service_node,3
/opt/ros/humble/lib/rclc_examples/example_client_node,3
/opt/ros/humble/lib/zenoh_bridge_dds/zenoh_bridge_dds,2
/opt/ros/humble/lib/tracetools_acceleration/status,2
/opt/ros/humble/lib/tracetools_image_pipeline/status,2
/opt/ros/humble/lib/tracetools/status,0